Time,Healing Action
2026-06-07 02:44:11,Network Healing
2026-06-07 02:44:19,Network Healing
2026-06-08 00:14:03,Network Healing
2026-06-08 00:14:14,Network Healing
2026-06-08 00:14:20,Network Healing
2026-06-08 00:14:32,Network Healing
2026-06-08 00:37:40,Network Healing
2026-06-08 00:37:51,Network Healing
2026-06-11 20:21:26,Network Healing
2026-06-11 20:21:37,Network Healing
2026-06-11 20:21:39,CPU Healing
2026-06-11 20:21:48,Network Healing
2026-06-11 20:21:48,Network Healing
2026-06-11 20:21:53,CPU Healing
2026-06-11 20:22:17,Network Healing
2026-06-11 20:22:17,Network Healing
2026-06-11 21:37:45,Network Healing
2026-06-11 22:07:13,CPU Healing
2026-06-11 22:07:14,CPU Healing
2026-06-11 22:10:36,Network Healing
2026-06-11 22:10:47,CPU Healing
2026-06-11 22:10:47,Network Healing
2026-06-11 22:10:50,CPU Healing
2026-06-11 22:11:19,Network Healing
2026-06-11 22:11:38,Network Healing
2026-06-11 22:11:41,CPU Healing
2026-06-11 22:11:41,Memory Healing
2026-06-11 22:11:42,Network Healing
2026-06-11 22:26:02,Network Healing
2026-06-11 22:26:14,Network Healing
2026-06-11 22:26:14,CPU Healing
2026-06-12 11:19:47,CPU Healing
2026-06-12 11:22:40,Network Healing
2026-06-12 11:22:55,Network Healing
2026-06-12 11:22:55,CPU Healing
2026-06-15 09:08:23,CPU Healing
2026-06-16 09:15:27,Network Healing
2026-06-16 09:15:43,Network Healing
2026-06-16 09:15:44,CPU Healing
2026-06-16 09:15:59,Network Healing
2026-06-16 09:16:01,CPU Healing
2026-06-16 09:16:10,Network Healing
2026-06-16 09:16:18,Network Healing
2026-06-16 17:43:05,CPU Healing
2026-06-16 23:23:46,CPU Healing
2026-06-16 23:24:42,Network Healing
2026-06-16 23:24:42,Network Healing
2026-06-16 23:24:42,Network Healing
2026-06-16 23:24:43,Network Healing
2026-06-16 23:24:43,CPU Healing
2026-06-16 23:24:54,CPU Healing
2026-06-17 09:32:12,CPU Healing
2026-06-17 09:52:07,CPU Healing
2026-06-17 09:52:20,Network Healing
2026-06-17 09:52:21,CPU Healing
2026-06-17 09:52:21,Memory Healing
2026-06-17 09:52:27,Network Healing
2026-06-17 09:52:43,Network Healing
2026-06-17 09:52:43,Network Healing
2026-06-17 09:52:43,Network Healing
2026-06-17 10:43:44,Network Healing
2026-06-17 17:31:21,CPU Healing
2026-06-17 17:34:05,CPU Healing
2026-06-17 17:34:12,CPU Healing
2026-06-17 17:49:50,CPU Healing
2026-06-17 18:01:17,CPU Healing
2026-06-17 18:01:19,CPU Healing
2026-06-17 18:01:23,CPU Healing
2026-06-17 18:01:25,CPU Healing
2026-06-17 18:03:39,CPU Healing
2026-06-17 18:20:18,CPU Healing
2026-06-17 18:34:52,CPU Healing
2026-06-17 19:11:06,CPU Healing
2026-06-17 19:11:22,CPU Healing
2026-06-17 19:46:10,Network Healing
2026-06-17 19:46:23,Network Healing
2026-06-17 19:46:24,CPU Healing
2026-06-17 19:46:27,CPU Healing
2026-06-17 19:46:43,Network Healing
2026-06-17 19:46:45,CPU Healing
2026-06-17 19:46:45,Memory Healing
2026-06-17 19:46:47,Network Healing
2026-06-17 19:46:50,CPU Healing
2026-06-17 19:46:50,Memory Healing
2026-06-18 09:28:04,Network Healing
2026-06-18 09:29:19,CPU Healing
2026-06-18 09:32:53,CPU Healing
2026-06-18 09:34:20,CPU Healing
2026-06-18 09:34:27,CPU Healing
2026-06-18 09:37:20,CPU Healing
2026-06-18 09:39:21,CPU Healing
2026-06-18 09:39:23,CPU Healing
2026-06-18 09:44:44,Network Healing
2026-06-18 09:46:50,CPU Healing
2026-06-18 09:47:30,Network Healing
2026-06-18 09:47:32,CPU Healing
2026-06-18 09:47:36,CPU Healing
2026-06-18 09:47:36,CPU Healing
2026-06-18 09:47:39,CPU Healing
2026-06-18 09:47:42,Network Healing
2026-06-18 09:52:05,CPU Healing
2026-06-18 09:52:40,CPU Healing
2026-06-18 09:57:36,CPU Healing
2026-06-18 10:03:37,CPU Healing
2026-06-18 10:03:54,CPU Healing
2026-06-18 10:18:45,CPU Healing
2026-06-18 10:19:07,CPU Healing
2026-06-18 10:19:17,Network Healing
2026-06-18 10:19:18,CPU Healing
2026-06-18 10:19:19,Memory Healing
2026-06-18 10:21:43,Network Healing
2026-06-18 10:21:54,Network Healing
2026-06-18 10:22:09,CPU Healing
2026-06-18 10:22:14,Network Healing
2026-06-18 10:22:22,Network Healing
2026-06-18 10:24:25,Network Healing
2026-06-18 10:24:35,Network Healing
2026-06-18 10:24:53,CPU Healing
2026-06-18 10:26:02,CPU Healing
2026-06-18 11:21:57,Network Healing
2026-06-18 11:23:10,Network Healing
2026-06-18 11:23:11,CPU Healing
2026-06-18 11:28:08,CPU Healing
2026-06-18 11:28:38,CPU Healing
2026-06-18 11:29:34,CPU Healing
2026-06-18 12:01:26,CPU Healing
2026-06-18 17:30:19,Network Healing
2026-06-18 17:30:31,Network Healing
2026-06-18 17:30:33,CPU Healing
2026-06-18 17:30:36,CPU Healing
2026-06-18 17:30:56,Network Healing
2026-06-18 17:31:03,Network Healing
2026-06-18 17:35:29,CPU Healing
2026-06-18 17:35:54,CPU Healing
2026-06-18 20:55:25,CPU Healing
2026-06-18 20:57:59,CPU Healing
2026-06-18 22:13:53,CPU Healing
2026-06-18 22:59:21,CPU Healing
2026-06-18 23:06:04,Network Healing
2026-06-19 09:54:23,CPU Healing
2026-06-19 09:55:59,CPU Healing
2026-06-19 09:56:15,CPU Healing
2026-06-19 10:16:39,CPU Healing
2026-06-19 11:02:17,Network Healing
2026-06-19 11:29:30,CPU Healing
2026-06-19 11:29:43,Network Healing
2026-06-19 11:31:42,Network Healing
2026-06-19 11:31:44,CPU Healing
2026-06-19 11:38:16,Network Healing
2026-06-19 11:38:40,CPU Healing
2026-06-19 11:54:25,CPU Healing
2026-06-19 11:56:22,Network Healing
2026-06-19 11:56:33,Network Healing
2026-06-19 11:56:39,Network Healing
2026-06-19 12:04:17,CPU Healing
2026-06-19 12:14:12,Network Healing
2026-06-19 12:14:25,Network Healing
2026-06-19 12:14:27,CPU Healing
2026-06-19 12:14:34,Network Healing
2026-06-19 12:18:12,Network Healing
2026-06-19 12:18:24,Network Healing
2026-06-19 12:18:34,Network Healing
2026-06-19 12:19:59,Network Healing
2026-06-19 12:20:20,Network Healing
2026-06-19 13:22:06,CPU Healing
2026-06-19 13:24:01,CPU Healing
2026-06-19 13:34:16,Network Healing
2026-06-19 13:34:27,Network Healing
2026-06-19 13:40:49,CPU Healing
2026-06-19 13:43:14,Network Healing
2026-06-19 15:07:44,Network Healing
2026-06-19 15:07:58,Network Healing
2026-06-19 15:08:00,CPU Healing
2026-06-19 15:08:01,CPU Healing
2026-06-19 15:08:09,Network Healing
2026-06-19 15:10:58,CPU Healing
2026-06-19 15:37:40,Network Healing
2026-06-19 15:37:50,CPU Healing
2026-06-19 15:37:54,CPU Healing
2026-06-19 15:37:54,Network Healing
2026-06-19 15:42:01,CPU Healing
2026-06-19 15:44:05,CPU Healing
2026-06-19 15:44:06,CPU Healing
